id_danych,imie,nazwisko,pesel,nr_telefonu,email
1,Iggie,Maddigan,32489507624,924-545-4712,imaddigan0@hostgator.com
2,Sayre,Dary,46736671602,393-930-7586,sdary1@dailymotion.com
3,Avigdor,Sicily,59350197254,681-603-7310,asicily2@t.co
4,Fina,Toulson,50064180690,607-574-0678,ftoulson3@over-blog.com
5,Jehu,Mandrake,92955533314,764-766-8441,jmandrake4@mozilla.org
6,Celle,L'Hommeau,74672697032,148-515-8687,clhommeau5@webnode.com
7,Arabele,Dabnor,36105113552,803-440-1387,adabnor6@behance.net
8,Ash,Castellaccio,75928412673,192-292-4500,acastellaccio7@umich.edu
9,Rachel,Peto,82000856474,526-546-5787,rpeto8@earthlink.net
10,Lia,Wrassell,66613569601,212-332-4222,lwrassell9@cbsnews.com
11,Johnath,Carayol,76045887984,442-869-0545,jcarayola@eepurl.com
12,Toni,Sleit,70358292324,543-791-6073,tsleitb@privacy.gov.au
13,Adelaida,Pocknoll,83965757376,922-630-5052,apocknollc@bloglines.com
14,Francesco,Rosini,98686185355,653-320-6351,frosinid@ask.com
15,Pall,Coo,32863842974,946-437-1433,pcooe@rakuten.co.jp
16,Pru,Simo,17419882077,431-847-1438,psimof@amazon.co.uk
17,Xena,Castelli,53694414152,452-173-0466,xcastellig@reuters.com
18,Gerianna,Harlin,85816463747,293-595-1847,gharlinh@wikimedia.org
19,Edith,Nesbeth,81028955359,885-624-4559,enesbethi@vinaora.com
20,Alys,McDonand,41905086808,596-500-2892,amcdonandj@purevolume.com
21,Odessa,Boyda,28952942337,882-694-3343,oboydak@sourceforge.net
22,Gerda,Tomankowski,40207255174,387-304-1075,gtomankowskil@quantcast.com
23,Deane,Richardet,18791468795,518-258-4931,drichardetm@unc.edu
24,Cathe,Lenahan,52991837837,982-350-3212,clenahann@princeton.edu
25,Ange,Scholz,24234076311,731-759-8654,ascholzo@skyrock.com
26,Helaine,Alderson,15142146103,764-859-6052,haldersonp@nationalgeographic.com
27,Natal,Klimkov,24704666625,728-775-2362,nklimkovq@istockphoto.com
28,Peri,Trathan,51811280736,879-558-4736,ptrathanr@salon.com
29,Micky,Soeiro,16675050354,481-180-9228,msoeiros@dell.com
30,Rosabelle,Wordsworth,10566893265,245-703-7183,rwordswortht@a8.net
31,Marcellus,Blonden,81505782805,255-618-4832,mblondenu@youku.com
32,Tomi,Pahl,78460584584,542-539-3243,tpahlv@blogs.com
33,Nanon,Fried,74551707546,451-401-3728,nfriedw@dailymotion.com
34,Rosalind,Mc Elory,44214635954,640-474-0388,rmceloryx@quantcast.com
35,Sharleen,Kettoe,24209615794,862-872-3534,skettoey@shutterfly.com
36,Thia,Risom,35845695772,110-276-7133,trisomz@plala.or.jp
37,Prinz,Pitsall,17610543630,633-876-6645,ppitsall10@thetimes.co.uk
38,Fidel,Eades,60918050594,910-231-0951,feades11@nymag.com
39,Celinda,Summerson,86349458720,636-814-6132,csummerson12@blogs.com
40,Sarene,Jodlkowski,26146600151,936-823-6967,sjodlkowski13@ucsd.edu
41,Basil,Kildahl,96361852831,509-527-1593,bkildahl14@nba.com
42,Fiona,Bustin,73190993857,787-739-1598,fbustin15@army.mil
43,Weider,Carverhill,19442570647,341-919-9974,wcarverhill16@vimeo.com
44,Wendye,Dundridge,20668325995,867-751-3672,wdundridge17@ezinearticles.com
45,Veda,Pepler,34380871212,605-532-3753,vpepler18@networksolutions.com
46,Arch,Lenahan,18164188456,638-261-0654,alenahan19@dot.gov
47,Sawyere,Ritson,95962470286,653-251-7875,sritson1a@artisteer.com
48,Vince,Lafrentz,45374141546,611-863-9546,vlafrentz1b@examiner.com
49,Lynna,Jurisch,43650204686,661-349-0400,ljurisch1c@artisteer.com
50,Meyer,Kleinlerer,59523926138,540-632-7388,mkleinlerer1d@loc.gov
51,Vivia,Cornes,45367915621,504-856-4464,vcornes1e@linkedin.com
52,Sheri,Fairchild,52493093169,421-773-5907,sfairchild1f@google.com
53,Berti,Mandrake,68025623236,489-171-3355,bmandrake1g@va.gov
54,Filippo,Monnelly,58229741509,719-746-9148,fmonnelly1h@myspace.com
55,Misti,Sone,26068512309,205-398-9604,msone1i@cnet.com
56,Frederique,Berk,93252241448,398-159-8719,fberk1j@java.com
57,Caressa,Gifford,74018639498,596-987-1046,cgifford1k@ihg.com
58,Townsend,Oultram,52476438180,220-492-1186,toultram1l@google.nl
59,Yettie,Landy,53599486633,857-238-8642,ylandy1m@un.org
60,Tomlin,Dymidowicz,98004650945,498-409-4382,tdymidowicz1n@technorati.com
61,Dorrie,Innman,31263142043,704-586-0927,dinnman1o@prnewswire.com
62,Gonzalo,Soan,35617813849,298-168-2434,gsoan1p@bing.com
63,Ambrosio,Antliff,46733199398,566-652-1068,aantliff1q@ow.ly
64,Lanette,Bromehead,87807389324,718-488-9290,lbromehead1r@clickbank.net
65,Willette,Hoggin,47269623355,497-720-6187,whoggin1s@java.com
66,Beverlie,Leel,60583895712,556-558-4861,bleel1t@nasa.gov
67,Madison,Kamienski,38772607691,275-421-3512,mkamienski1u@networksolutions.com
68,Ryun,Van Leijs,45849516168,402-715-5259,rvanleijs1v@macromedia.com
69,Fania,Kendrew,32369441671,904-472-4117,fkendrew1w@virginia.edu
70,Hortense,Toner,20700419266,210-664-3795,htoner1x@w3.org
71,Julia,Read,20851899342,391-528-9595,jread1y@mail.ru
72,Nico,Isson,88038198312,118-536-9711,nisson1z@godaddy.com
73,Perren,Swanton,31112826965,145-237-4718,pswanton20@artisteer.com
74,Zonda,Bonifas,99758775906,230-648-9468,zbonifas21@i2i.jp
75,Patrizia,Tatterton,77712160881,158-547-6536,ptatterton22@xing.com
76,Odo,Lapslie,49521859455,568-945-1970,olapslie23@hibu.com
77,Pedro,Mattityahou,35808208399,821-490-9155,pmattityahou24@odnoklassniki.ru
78,Fern,Jaime,18686574435,563-717-6031,fjaime25@kickstarter.com
79,Jerrie,Fraczkiewicz,74124979264,372-330-0289,jfraczkiewicz26@yandex.ru
80,Estelle,Basnall,77962394237,172-648-1877,ebasnall27@e-recht24.de
81,Codie,Tethacot,66376730562,886-794-8691,ctethacot28@histats.com
82,Gearalt,Johann,72233434639,201-666-8039,gjohann29@state.gov
83,Lemar,Tuttle,91904472085,313-433-6340,ltuttle2a@ask.com
84,Arie,Moughton,34964266077,722-430-5295,amoughton2b@marketwatch.com
85,Merell,Thirst,88244715726,231-564-1401,mthirst2c@cbc.ca
86,Maxy,Beecraft,16713570256,237-670-9224,mbeecraft2d@telegraph.co.uk
87,Dulciana,Murt,93278303382,624-220-2955,dmurt2e@google.pl
88,Kameko,Accomb,34226421847,402-607-7333,kaccomb2f@eepurl.com
89,Jarrid,Haggis,76608055046,496-498-0597,jhaggis2g@earthlink.net
90,Ronalda,De La Cote,49036195196,482-420-0479,rdelacote2h@paginegialle.it
91,Dalt,Idle,66280859448,543-412-1126,didle2i@unicef.org
92,Quintina,Keuning,98703759750,362-171-7717,qkeuning2j@washington.edu
93,Con,Weavill,71076475430,198-259-9954,cweavill2k@indiegogo.com
94,Margalo,Boyet,88006706656,447-477-2656,mboyet2l@cpanel.net
95,Eadith,Shurman,21786771908,485-301-5647,eshurman2m@netvibes.com
96,Malchy,Davley,79347979841,875-343-0979,mdavley2n@prlog.org
97,Lodovico,Bausmann,19441816988,636-217-9905,lbausmann2o@jiathis.com
98,Lauritz,Babbidge,21196078738,311-515-3272,lbabbidge2p@etsy.com
99,Halley,Salvidge,39820630293,329-907-3168,hsalvidge2q@amazon.de
100,Llywellyn,Maceur,34843441276,500-321-5086,lmaceur2r@myspace.com
101,Ida,Boyford,33113407782,636-254-5877,iboyford0@deviantart.com
102,Hillary,Flori,34552843535,980-354-6974,hflori1@ihg.com
103,Ellis,Spinola,54858728511,194-683-3447,espinola2@ameblo.jp
104,Lexi,Grinnikov,95161812629,960-647-3164,lgrinnikov3@nydailynews.com
105,Olympia,Parkhouse,39624835055,180-627-5262,oparkhouse4@independent.co.uk
106,Elga,Willavoys,97371486493,237-780-2571,ewillavoys5@feedburner.com
107,Adah,Gumn,15981346021,234-653-2031,agumn6@weibo.com
108,Nicky,Travers,31730001761,628-646-5071,ntravers7@huffingtonpost.com
109,Ulrika,Goodboddy,19540369326,939-870-0782,ugoodboddy8@yellowbook.com
110,Findlay,Boggis,52233043108,737-165-6568,fboggis9@blogs.com
111,Jacky,De Caville,37939048017,525-494-6542,jdecavillea@amazon.co.uk
112,Dulci,Durtnall,83539058995,982-714-3363,ddurtnallb@constantcontact.com
113,Clerkclaude,Hearsum,46075476769,102-112-9545,chearsumc@princeton.edu
114,Ronald,Brookhouse,78098135902,242-212-3089,rbrookhoused@bbb.org
115,Diann,Glyde,53464180243,977-187-3709,dglydee@last.fm
116,Owen,Drinkale,11617476462,343-167-7726,odrinkalef@feedburner.com
117,Lizette,Stockau,45794840759,434-624-2432,lstockaug@upenn.edu
118,Renato,Iiannone,54859632886,961-344-2120,riiannoneh@cbslocal.com
119,Tynan,Dickinson,95488702933,827-586-9451,tdickinsoni@angelfire.com
120,Lisle,Howroyd,63950463475,382-408-5663,lhowroydj@vistaprint.com
121,Amby,Papez,47862488548,918-493-5261,apapezk@mozilla.com
122,Cooper,Ashplant,59351581471,902-481-0390,cashplantl@elpais.com
123,Jenn,Iori,10322164882,819-203-3731,jiorim@time.com
124,Lucille,Lomasny,59147517080,621-752-3415,llomasnyn@senate.gov
125,Ethan,Poulett,77492588495,439-720-4097,epouletto@hexun.com
126,Melisande,Keitch,86063006757,669-252-9989,mkeitchp@e-recht24.de
127,Doralin,Brugmann,39298647951,830-746-1494,dbrugmannq@sina.com.cn
128,Drucill,Dye,29943792859,633-264-6267,ddyer@bizjournals.com
129,Paulo,Coxon,86485693294,584-884-2927,pcoxons@trellian.com
130,Andriana,Kneeshaw,50619621869,109-368-2315,akneeshawt@oracle.com
131,Humfrid,Dussy,56919140771,737-895-4406,hdussyu@posterous.com
132,Jacinthe,Wollers,86966498249,597-567-8811,jwollersv@wikipedia.org
133,Corny,Calbrathe,80034112521,598-782-4887,ccalbrathew@bloglovin.com
134,Darell,Le Grys,40473463256,513-550-9065,dlegrysx@vistaprint.com
135,Reina,Smalles,78095802928,831-559-9990,rsmallesy@drupal.org
136,Maryanna,Terne,59105720070,277-762-4950,mternez@samsung.com
137,Dannie,Vairow,64341389722,971-443-1195,dvairow10@epa.gov
138,Pavia,Keynes,35179899225,156-498-9446,pkeynes11@google.nl
139,Jereme,Bromwich,35747245710,272-129-0718,jbromwich12@g.co
140,Sheree,Frill,59299789035,838-996-0381,sfrill13@skyrock.com
141,Clementia,Jackling,44024692103,693-450-2197,cjackling14@businesswire.com
142,Casper,Flori,88143407195,216-565-1543,cflori15@twitter.com
143,Stephie,Ifill,62698967456,722-280-4258,sifill16@princeton.edu
144,Harrison,Kinnach,63578549307,175-558-2890,hkinnach17@smugmug.com
145,Jourdan,Franies,61755251793,133-100-2746,jfranies18@soup.io
146,Marthe,Duinbleton,32778021004,569-248-8908,mduinbleton19@seattletimes.com
147,Essy,Saunper,88610704866,935-827-4574,esaunper1a@exblog.jp
148,Lion,Lightewood,46803488412,231-912-4105,llightewood1b@wufoo.com
149,Geordie,Ashbe,95140838602,335-298-9868,gashbe1c@disqus.com
150,Merrilee,Barstow,68655209055,551-543-2814,mbarstow1d@odnoklassniki.ru
151,Lyn,Atlee,13482485741,674-722-3181,latlee1e@wordpress.org
152,Annnora,Schollar,40702040034,810-495-7293,aschollar1f@goo.gl
153,Sig,Girvan,47465538977,603-396-6113,sgirvan1g@webnode.com
154,Dore,Silley,17401500343,609-672-7880,dsilley1h@google.pl
155,Patric,Niessen,44183810804,456-415-7710,pniessen1i@amazon.de
156,Annnora,Teale,38513924026,218-387-1059,ateale1j@cocolog-nifty.com
157,Beryle,Aylmore,99575981049,296-423-3916,baylmore1k@yellowbook.com
158,Pat,Selliman,13860052995,331-968-4249,pselliman1l@cnet.com
159,Ivette,Clark,19405440588,918-566-0353,iclark1m@canalblog.com
160,Caldwell,Kamen,85850680232,638-906-9740,ckamen1n@163.com
161,Laurette,Caddies,69939449894,101-972-4264,lcaddies1o@sfgate.com
162,Layla,Barniss,15344841889,807-494-3996,lbarniss1p@ucoz.com
163,Danyelle,Rabbage,31450811757,253-753-5127,drabbage1q@xrea.com
164,Susi,Cowburn,89215264836,686-298-5477,scowburn1r@mashable.com
165,Hannie,Penlington,88698182321,322-193-1717,hpenlington1s@live.com
166,Dev,Masson,20693092695,734-869-4574,dmasson1t@chicagotribune.com
167,Jerrold,Valance,50364238797,748-189-5175,jvalance1u@wp.com
168,Avrom,Shank,82036692642,756-659-5913,ashank1v@columbia.edu
169,Innis,Walstow,59405415996,445-178-6965,iwalstow1w@nasa.gov
170,Angele,Darben,11261064306,873-934-7406,adarben1x@feedburner.com
171,Vin,Quene,37035608169,665-106-8163,vquene1y@google.fr
172,Elvis,Clowton,53045524817,627-621-2903,eclowton1z@vkontakte.ru
173,Danica,Jakobsson,59052700193,100-452-7019,djakobsson20@usda.gov
174,Paloma,Lepoidevin,58010176827,238-452-5296,plepoidevin21@aol.com
175,Gerhard,Reide,67126347331,393-220-3112,greide22@about.com
176,Darbie,Hallatt,83349114361,155-802-9517,dhallatt23@cbslocal.com
177,Benjie,Willeson,12984134968,771-251-7493,bwilleson24@clickbank.net
178,Cathee,Charley,32395001939,469-725-3079,ccharley25@theatlantic.com
179,Cecily,Mylan,16929021054,368-666-8751,cmylan26@examiner.com
180,Elly,Cicconetti,66661275469,856-273-0511,ecicconetti27@bravesites.com
181,Bale,Scrivens,66342222595,517-643-8966,bscrivens28@wsj.com
182,Ric,Eastmead,43891536450,677-187-2472,reastmead29@simplemachines.org
183,Hyatt,Matchitt,25603036511,763-226-9778,hmatchitt2a@imageshack.us
184,Tate,Rushe,91799236862,205-293-2321,trushe2b@tiny.cc
185,Bobbie,Chettoe,97801189461,980-291-9286,bchettoe2c@cbc.ca
186,Clem,Purcell,83693668070,350-569-1002,cpurcell2d@mediafire.com
187,Malinde,Girsch,35621441649,677-634-5006,mgirsch2e@dagondesign.com
188,Millicent,Gawkes,87781405321,209-480-3439,mgawkes2f@spotify.com
189,Tabbitha,Monahan,24517559851,892-318-8269,tmonahan2g@last.fm
190,Elicia,Thompstone,12357668639,149-629-6964,ethompstone2h@omniture.com
191,Cymbre,Hamfleet,24718925140,374-535-9381,chamfleet2i@xinhuanet.com
192,Olly,De Clairmont,19642744811,626-637-4493,odeclairmont2j@google.ca
193,Welch,Bomb,49464039444,976-906-2853,wbomb2k@mit.edu
194,Kaiser,Cardello,78989016219,994-727-4233,kcardello2l@networksolutions.com
195,Clemente,De Ferrari,18148716470,868-531-7606,cdeferrari2m@amazon.co.jp
196,Joane,Bottoms,57430199252,411-214-2093,jbottoms2n@unesco.org
197,Doreen,Mayberry,83611629270,632-204-8933,dmayberry2o@huffingtonpost.com
198,Emlyn,Manvell,30942791873,873-432-5733,emanvell2p@archive.org
199,Corbet,Mosedill,59636120127,621-613-2560,cmosedill2q@princeton.edu
200,Tonya,Reddick,21748836032,214-454-1047,treddick2r@virginia.edu
201,Charlie,Jagiello,55786199585,803-567-0076,cjagiello0@is.gd
202,Orson,Haynes,25948387972,695-890-7180,ohaynes1@sitemeter.com
203,Lindsey,Loveday,73059024248,301-930-7647,lloveday2@forbes.com
204,Nevsa,Bourgourd,26700089908,596-752-7678,nbourgourd3@privacy.gov.au
205,Kenn,Herculeson,52449553064,135-809-2183,kherculeson4@twitter.com
206,Nicolai,Skylett,93071132316,930-103-1417,nskylett5@noaa.gov
207,Husein,Mackinder,34590806512,701-846-0948,hmackinder6@chronoengine.com
208,Jsandye,Maunsell,55086660333,426-407-4274,jmaunsell7@sitemeter.com
209,Bernice,Hiner,28141434873,798-133-4586,bhiner8@sciencedaily.com
210,Steward,Cawthera,24987992485,812-314-5843,scawthera9@issuu.com
211,Becki,Wheatland,26808607575,427-528-5077,bwheatlanda@rambler.ru
212,Phaidra,Matcham,61354360058,354-621-3760,pmatchamb@mail.ru
213,Mackenzie,Stanislaw,44867635915,850-744-7184,mstanislawc@altervista.org
214,Patrizius,Amyes,51681398393,876-773-1546,pamyesd@list-manage.com
215,Gavra,Filewood,82100066385,405-405-1573,gfilewoode@google.com.hk
216,Annabel,Huckel,64899379007,503-893-0322,ahuckelf@csmonitor.com
217,Nickola,Streight,35330767784,542-891-8421,nstreightg@ibm.com
218,Maynord,Keer,24844698797,661-149-4462,mkeerh@themeforest.net
219,Ina,Chesley,72594139221,270-297-8845,ichesleyi@google.com.br
220,Lusa,Scroggie,30090138120,406-517-0097,lscroggiej@bravesites.com
221,Agna,Rodger,50574100165,450-677-7993,arodgerk@amazonaws.com
222,Daniella,Cowwell,43044735662,144-950-8330,dcowwelll@economist.com
223,Penn,Exley,87796748414,854-444-0201,pexleym@1und1.de
224,Jamill,McMenemy,59636156533,684-410-1073,jmcmenemyn@japanpost.jp
225,Rock,Hurrell,17345109430,622-520-5967,rhurrello@nba.com
226,Valeda,Knipe,20001459929,438-941-5184,vknipep@ehow.com
227,Danie,Ripper,49129549048,963-788-7072,dripperq@a8.net
228,Mike,Glason,34781965030,606-782-5335,mglasonr@mtv.com
229,Dona,Jacqueminot,24284333536,619-948-1851,djacqueminots@newyorker.com
230,Joby,Brame,72221454341,639-414-0511,jbramet@wisc.edu
231,Lilah,Gravenell,42650202004,448-301-6775,lgravenellu@opera.com
232,Mora,Mahony,79212404430,695-212-6038,mmahonyv@myspace.com
233,Maude,Klaas,68906336817,695-831-0355,mklaasw@netvibes.com
234,Ramona,Cohn,47661705557,958-179-7436,rcohnx@vistaprint.com
235,Ora,Piscopiello,17375118997,217-187-5647,opiscopielloy@cnet.com
236,Addison,Attwoul,13526283396,419-250-3836,aattwoulz@umich.edu
237,Fern,Bushnell,39263498526,191-675-8924,fbushnell10@nasa.gov
238,Rhetta,Fynn,64101898605,477-183-9623,rfynn11@homestead.com
239,Roxine,Kalaher,76830694450,844-473-5554,rkalaher12@simplemachines.org
240,Alfred,Antrobus,83668582739,734-475-4436,aantrobus13@google.cn
241,Alvis,Burgwin,85169634671,429-562-4899,aburgwin14@bandcamp.com
242,Velma,Pheby,84467982694,924-250-0853,vpheby15@about.com
243,Emlyn,Wisker,55726668707,202-850-1001,ewisker16@tmall.com
244,Pauline,Ranstead,39807133142,899-698-6334,pranstead17@google.nl
245,Karine,Woollhead,73909292602,737-263-9200,kwoollhead18@jalbum.net
246,Zack,Scally,86476695693,796-199-8351,zscally19@amazon.de
247,Ursola,Dennert,41975304318,410-661-4538,udennert1a@ow.ly
248,Kessiah,Taggert,81797859631,461-436-8362,ktaggert1b@prweb.com
249,Pail,Spurdens,14469889794,869-679-9611,pspurdens1c@google.nl
250,Rudiger,Wycherley,55660173770,267-736-4089,rwycherley1d@icio.us
251,Lavina,Huxham,96672626505,501-680-4240,lhuxham0@wsj.com
252,Nickie,Spavon,73603377103,107-155-0202,nspavon1@live.com
253,Rodi,Gallihawk,12507691547,801-204-9091,rgallihawk2@flickr.com
254,Madel,Crucetti,24081770702,178-501-7011,mcrucetti3@google.es
255,Kristal,Osipov,61113131557,517-446-4352,kosipov4@sina.com.cn
256,Maible,Merrington,31812987620,511-846-3431,mmerrington5@google.pl
257,Herta,Dowley,95494969130,365-842-0513,hdowley6@constantcontact.com
258,Morgana,Romayne,11868609777,618-591-8370,mromayne7@dmoz.org
259,Allen,Feathers,20426817048,515-172-0388,afeathers8@wp.com
260,Zaccaria,Larose,12757762905,257-390-0651,zlarose9@kickstarter.com
261,Parker,Camies,13794471132,228-752-9551,pcamiesa@t-online.de
262,Meriel,Bianco,75063385905,263-305-0601,mbiancob@japanpost.jp
263,Aubert,Sinkings,68007615543,990-924-2675,asinkingsc@yelp.com
264,Jilly,Spackman,58622641185,495-572-2039,jspackmand@whitehouse.gov
265,Dory,Gairdner,28768703687,827-450-2186,dgairdnere@posterous.com
266,Alverta,Sinclair,11237372332,412-631-5399,asinclairf@dagondesign.com
267,Hugh,Souten,63544762366,664-971-8451,hsouteng@uol.com.br
268,Claudina,Harden,15428149259,100-566-3513,chardenh@addthis.com
269,Shaina,Sutherden,73455334777,734-766-5698,ssutherdeni@cornell.edu
270,Dulci,Alejo,43808534805,645-839-2086,dalejoj@eepurl.com
271,Dulciana,Pitrelli,70173776766,695-426-6781,dpitrellik@unblog.fr
272,Riccardo,Clutram,24787588384,530-741-4893,rclutraml@skyrock.com
273,Rosabella,Doers,14826353864,287-657-8461,rdoersm@google.co.jp
274,Cortney,Upton,77073119080,897-945-6638,cuptonn@sakura.ne.jp
275,Manon,Wozencraft,93031320202,714-108-0000,mwozencrafto@fc2.com
276,Annabelle,Menauteau,96941187614,251-753-9410,amenauteaup@japanpost.jp
277,Kania,Stanlock,59197448401,417-690-2300,kstanlockq@g.co
278,Jobey,Bohlje,16586024195,965-691-3012,jbohljer@csmonitor.com
279,Maurise,Kuzma,12328199513,894-964-1745,mkuzmas@time.com
280,Raffaello,Horrod,34726974128,173-792-7805,rhorrodt@tinypic.com
281,Francene,Gillman,43965413869,429-626-3131,fgillmanu@tinyurl.com
282,Tandy,Aiston,83714732333,947-400-0863,taistonv@indiegogo.com
283,Lon,Cockerill,98947469144,800-195-8681,lcockerillw@reference.com
284,Carley,Diment,96868783933,907-562-9336,cdimentx@mtv.com
285,Alvie,Naton,79525197382,508-645-9326,anatony@blogtalkradio.com
286,Kasey,Wisden,78943514765,846-238-0817,kwisdenz@dion.ne.jp
287,Che,Dugget,29529567879,913-485-1653,cdugget10@digg.com
288,Pattie,Darbyshire,54245041406,124-853-4820,pdarbyshire11@about.me
289,Gabi,Eberdt,54954535444,434-105-3215,geberdt12@biglobe.ne.jp
290,Denise,Stiles,75819092499,874-395-4448,dstiles13@kickstarter.com
291,Rowe,Kittredge,51024049036,687-805-3305,rkittredge14@pcworld.com
292,Petronille,Capell,54647660356,867-995-5483,pcapell15@goo.gl
293,Judi,Ruprecht,79852979578,862-696-3542,jruprecht16@theguardian.com
294,Margarethe,Haig,86305868934,699-137-3315,mhaig17@bluehost.com
295,Valera,Allright,11767565123,507-931-7040,vallright18@yolasite.com
296,Andi,Zink,89948595637,358-906-1563,azink19@t-online.de
297,Carla,Elvidge,92583387699,745-762-2426,celvidge1a@flavors.me
298,Stafani,MacCaughen,18758323822,452-348-9178,smaccaughen1b@dot.gov
299,Ottilie,Jouhan,77290268155,566-630-6225,ojouhan1c@narod.ru
300,Merrill,Gascoigne,64562301971,710-503-5218,mgascoigne1d@bloglovin.com
301,Brent,Ricciardiello,12087854021,168-622-3875,bricciardiello1e@nsw.gov.au
302,Caron,Hiseman,71720102607,424-537-1879,chiseman1f@guardian.co.uk
303,Zorine,Neubigging,34257954702,148-237-0593,zneubigging1g@unblog.fr
304,Clevey,Ivashintsov,55625533752,233-181-1790,civashintsov1h@blinklist.com
305,Cassandry,Gallehock,66436292958,971-954-3857,cgallehock1i@i2i.jp
306,Cristine,Bruineman,70323783806,196-731-7360,cbruineman1j@hud.gov
307,Innis,Aggs,55224802404,821-195-0994,iaggs1k@senate.gov
308,Sherilyn,Tranfield,53411642645,666-619-6689,stranfield1l@cisco.com
309,Horten,Rodgman,56314839775,430-120-4045,hrodgman1m@examiner.com
310,Mame,Crossgrove,97192258031,822-506-1861,mcrossgrove1n@gizmodo.com
311,Barn,Lamprey,80201638937,113-466-3372,blamprey1o@cbc.ca
312,Laureen,Antognelli,95154739808,792-161-6751,lantognelli1p@instagram.com
313,Mic,Locarno,85772405105,867-121-2397,mlocarno1q@boston.com
314,Ashely,Powdrill,56432135108,877-118-7047,apowdrill1r@skyrock.com
315,Niel,Kitman,68437282607,704-976-9095,nkitman1s@shinystat.com
316,Calvin,Ausiello,36679758385,370-297-1779,causiello1t@baidu.com
317,Harmony,Kleinerman,35717702694,526-265-8321,hkleinerman1u@twitter.com
318,Dulcinea,Krystek,87561497781,571-124-0135,dkrystek1v@tiny.cc
319,Constantin,Bradbrook,25265531746,522-338-3721,cbradbrook1w@abc.net.au
320,Jerome,Redmille,84017678819,155-561-9262,jredmille1x@bloglines.com
321,Carry,Barkworth,27895284429,242-828-7740,cbarkworth1y@disqus.com
322,Enrica,Lease,96028812210,347-975-4328,elease1z@cafepress.com
323,Ashlen,Halladay,54387997149,418-386-9572,ahalladay20@symantec.com
324,Jarret,Rase,81530912097,602-199-9066,jrase21@linkedin.com
325,Lorene,Hugonet,68368007801,864-650-7968,lhugonet22@de.vu
326,Katey,Grishkov,28356759184,729-594-6336,kgrishkov23@cdbaby.com
327,Shel,Daenen,65543035350,865-982-3006,sdaenen24@sfgate.com
328,Putnem,Checo,23981959080,792-587-7906,pcheco25@hugedomains.com
329,Hali,Kinge,79894660270,213-859-5088,hkinge26@tinyurl.com
330,Lesly,Sivess,22884170004,468-916-9637,lsivess27@upenn.edu
331,Brinn,Speechly,51153600013,883-700-3366,bspeechly28@creativecommons.org
332,Ivy,Hufton,37449252435,889-348-1479,ihufton29@gmpg.org
333,Prudence,Matevushev,22015295799,260-752-1922,pmatevushev2a@microsoft.com
334,Yard,La Padula,31581248445,927-233-5339,ylapadula2b@smugmug.com
335,Lydie,Kryzhov,83251952715,975-253-3902,lkryzhov2c@blogger.com
336,Roderick,Scurrey,98027238238,671-815-4487,rscurrey2d@bbc.co.uk
337,Rahel,Ree,56143195888,131-115-9446,rree2e@pagesperso-orange.fr
338,Honoria,Webberley,44477666154,749-620-9171,hwebberley2f@histats.com
339,Austina,Jellybrand,43746677619,840-836-1695,ajellybrand2g@who.int
340,Mimi,Reyner,17843475066,430-941-9579,mreyner2h@fema.gov
341,Karisa,Brocklesby,40511143353,702-817-4241,kbrocklesby2i@webeden.co.uk
342,Tobe,Woodard,65870122476,611-906-4504,twoodard2j@bloglines.com
343,Judith,Sebert,66927634340,127-145-2780,jsebert2k@rakuten.co.jp
344,Teirtza,Playfoot,75083727997,461-835-5457,tplayfoot2l@hugedomains.com
345,Sigvard,Beminster,86431074361,280-263-1893,sbeminster2m@mapquest.com
346,Langston,Harrismith,60665355666,327-736-2804,lharrismith2n@thetimes.co.uk
347,Shirl,Lamport,52996930309,953-573-2305,slamport2o@columbia.edu
348,Lura,Gilardi,28436757745,995-188-9734,lgilardi2p@cyberchimps.com
349,Artus,Campos,22999971669,437-251-9865,acampos2q@freewebs.com
350,Godfry,Gillies,69966623614,267-523-9677,ggillies2r@sphinn.com
351,Cyndy,DelaField,35369178410,803-411-1462,cdelafield0@disqus.com
352,Heinrick,Verlander,26653643859,728-312-9802,hverlander1@microsoft.com
353,Bartel,Adnam,72121209873,134-340-3262,badnam2@over-blog.com
354,Diane-marie,Wildsmith,37326020703,464-412-7527,dwildsmith3@mapy.cz
355,Tremayne,Duggleby,52501835966,281-781-8656,tduggleby4@miitbeian.gov.cn
356,Hedwiga,Beresfore,40762295647,744-453-7355,hberesfore5@hud.gov
357,Aubine,Peartree,99509375751,825-441-8616,apeartree6@google.nl
358,Leopold,Couchman,20962048097,692-388-7825,lcouchman7@thetimes.co.uk
359,Berne,Reboul,97096490306,358-307-1423,breboul8@ibm.com
360,Cammi,Willgoose,19885890312,413-998-7370,cwillgoose9@intel.com
361,Vivienne,Neath,10207913254,710-732-6375,vneatha@blogs.com
362,Kev,Mapes,72681264343,408-579-8668,kmapesb@answers.com
363,Eliot,Kimberley,41654576431,852-536-9069,ekimberleyc@nytimes.com
364,Nolie,Poon,31584742303,942-129-2444,npoond@usatoday.com
365,Osmond,Weeden,29072810053,965-563-4053,oweedene@google.com
366,Xerxes,Gley,91244779282,299-106-0839,xgleyf@macromedia.com
367,Melessa,Kingzeth,39576030557,504-674-9799,mkingzethg@sun.com
368,Gilles,Elington,74174329913,285-915-0596,gelingtonh@adobe.com
369,Noll,Cowdrey,67661792670,513-188-0387,ncowdreyi@prnewswire.com
370,Dusty,Hewell,76484854455,707-712-8570,dhewellj@cafepress.com
371,Ofelia,Catanheira,85257038537,919-315-7516,ocatanheirak@rakuten.co.jp
372,Vic,Maskew,71567844382,999-456-8031,vmaskewl@imdb.com
373,Brenn,Densey,59017424995,412-776-2675,bdenseym@com.com
374,Mitzi,Ventam,60603772503,701-901-7649,mventamn@ustream.tv
375,Rudie,Jewel,24973032399,295-329-2159,rjewelo@tamu.edu
376,Cherry,Krollmann,70849891108,126-875-5332,ckrollmannp@geocities.com
377,Mireille,Lumb,30943736418,490-377-5759,mlumbq@imdb.com
378,Caril,Valentino,84776648400,170-998-9690,cvalentinor@google.pl
379,Amelie,Gromley,62725728764,501-548-7131,agromleys@flavors.me
380,Roberta,Aireton,29008633984,281-386-7228,rairetont@networksolutions.com
381,Cinda,Pothergill,46549896127,541-335-2664,cpothergillu@buzzfeed.com
382,Cloris,Dunbobin,52431750047,850-233-4359,cdunbobinv@theatlantic.com
383,Hazel,Snelle,31688050893,972-163-7374,hsnellew@newsvine.com
384,Leonerd,Washington,48036894766,290-302-7342,lwashingtonx@angelfire.com
385,Emmy,Leadbeater,28070774159,652-980-5922,eleadbeatery@cpanel.net
386,Beaufort,Cornels,95396401493,736-712-3610,bcornelsz@naver.com
387,Fallon,Korous,62398373785,345-600-3498,fkorous10@archive.org
388,Suki,Holberry,96958440541,756-892-0203,sholberry11@netlog.com
389,Juline,Bodman,56273012909,899-719-1428,jbodman12@tripadvisor.com
390,Burnaby,Cloke,95473452254,209-101-6148,bcloke13@gizmodo.com
391,Rorke,Eltone,23435587888,376-323-9706,reltone14@nps.gov
392,Sofia,McInnery,75243844220,330-967-2107,smcinnery15@youtu.be
393,Lyndsie,Emett,33116625319,342-501-5775,lemett16@istockphoto.com
394,Andras,Charte,41952783900,648-928-6727,acharte17@dedecms.com
395,Olly,Gaenor,38949062654,926-262-1949,ogaenor18@si.edu
396,Amalia,Terris,44551066561,610-672-4818,aterris19@nbcnews.com
397,Gennie,Kingswood,89765897716,690-899-5419,gkingswood1a@ucoz.ru
398,Barnie,Asipenko,85064244103,607-877-3201,basipenko1b@blog.com
399,Alyse,Greson,60122684951,494-516-0622,agreson1c@mediafire.com
400,Tedda,Dimsdale,94759056746,257-933-8441,tdimsdale1d@dropbox.com
401,Marquita,Bachelar,95529761159,939-983-4491,mbachelar1e@ca.gov
402,Arlen,Worstall,96442897499,979-782-6423,aworstall1f@zimbio.com
403,Orelie,Blois,74419706268,727-441-7271,oblois1g@mlb.com
404,Shepherd,Lochran,65858426171,376-640-4158,slochran1h@thetimes.co.uk
405,Klement,Birdwhistell,45860601255,646-626-5741,kbirdwhistell1i@typepad.com
406,Krysta,McConnulty,30304378378,761-487-6230,kmcconnulty1j@live.com
407,Mayne,Dorrity,37285219831,754-331-6519,mdorrity1k@upenn.edu
408,Marcellina,Glowacz,49421394062,723-559-4227,mglowacz1l@latimes.com
409,Nelle,D'Oyley,19151767125,312-121-6492,ndoyley1m@biblegateway.com
410,Malcolm,Stile,73217631474,722-732-5271,mstile1n@so-net.ne.jp
411,Boonie,Dyet,85875651746,608-906-6135,bdyet1o@cbc.ca
412,Colleen,Sparham,92093960524,922-302-1119,csparham1p@hugedomains.com
413,Tildie,Lown,42747952384,271-278-6801,tlown1q@webmd.com
414,Clemmie,Riddel,46114259705,697-633-4988,criddel1r@geocities.com
415,Reginald,Rihanek,23339773782,586-494-8205,rrihanek1s@europa.eu
416,Carlyle,Glison,98836434200,787-988-5915,cglison1t@slideshare.net
417,Gustave,Whiteley,28318856782,841-878-7805,gwhiteley1u@apple.com
418,Florida,Earl,59488146153,909-480-9550,fearl1v@census.gov
419,Brigitte,Cluet,95193248145,727-680-8257,bcluet1w@live.com
420,Erica,Sodor,35484144456,794-557-4154,esodor1x@blinklist.com
421,Rodina,Nelius,85545429304,332-115-4338,rnelius1y@who.int
422,Lenette,Garmanson,21615987064,237-241-1598,lgarmanson1z@squarespace.com
423,Elva,Francescozzi,26408868995,603-330-3147,efrancescozzi20@economist.com
424,Jeana,Newvill,28608398002,475-407-6060,jnewvill21@house.gov
425,Danielle,Kruschev,20929308533,526-139-7723,dkruschev22@aboutads.info
426,Constantin,Pullen,10068808433,392-930-9368,cpullen23@pagesperso-orange.fr
427,Carmine,Di Napoli,38987191099,210-256-1610,cdinapoli24@ed.gov
428,Ewen,Staning,35628404491,882-697-7326,estaning25@ebay.com
429,Pavel,Dawkins,65459873105,133-450-2471,pdawkins26@liveinternet.ru
430,Asher,MacNeish,88786506349,788-817-2001,amacneish27@latimes.com
431,Vachel,Hampstead,24977355630,478-356-0377,vhampstead28@mediafire.com
432,Lindi,Corder,39658129015,175-709-4929,lcorder29@meetup.com
433,Gill,Murby,70859678420,509-471-5187,gmurby2a@google.com.br
434,Mechelle,Scurry,26551894451,568-477-6543,mscurry2b@vimeo.com
435,Godfree,Castanos,99185439444,472-948-6878,gcastanos2c@flavors.me
436,Dennie,Liddon,71667732403,918-120-5862,dliddon2d@cbslocal.com
437,Paula,Jewel,19177879727,718-241-4126,pjewel2e@webs.com
438,Paulina,Cardnell,67827692824,728-877-6628,pcardnell2f@ft.com
439,Kaja,Klampk,39137819465,799-157-2842,kklampk2g@cpanel.net
440,Jasper,Gooderidge,87197433985,228-427-6268,jgooderidge2h@eepurl.com
441,Tessa,Dumbleton,94612554180,121-666-9189,tdumbleton2i@360.cn
442,Kaylee,Tolliday,93609367439,311-882-7184,ktolliday2j@businesswire.com
443,Nadya,Thurlby,37259534774,991-412-2116,nthurlby2k@51.la
444,Nial,McCoole,36082355333,336-309-7360,nmccoole2l@mozilla.com
445,Myron,Rogez,59616654415,472-723-7158,mrogez2m@alibaba.com
446,Cass,Strode,48198646075,129-565-7712,cstrode2n@imdb.com
447,Lenka,Labdon,41682774195,511-148-3901,llabdon2o@psu.edu
448,Miguela,Aires,91430130348,505-161-1797,maires2p@netvibes.com
449,Maible,Davidsohn,39578713929,323-560-2437,mdavidsohn2q@multiply.com
450,Noella,Cridlin,47617029644,336-786-4084,ncridlin2r@shutterfly.com
451,Tansy,Hengoed,87618135092,510-907-7731,thengoed0@linkedin.com
452,Nessie,Samett,38438719183,391-821-4985,nsamett1@utexas.edu
453,Andromache,Nestoruk,41668150658,898-801-9050,anestoruk2@constantcontact.com
454,Hartwell,Flint,56755538117,566-124-5572,hflint3@netvibes.com
455,Aguistin,Dorre,70801467175,807-608-4339,adorre4@feedburner.com
456,Torin,Alldred,34550084446,512-478-1439,talldred5@fema.gov
457,Corissa,Roseaman,83796459310,551-168-6392,croseaman6@g.co
458,Turner,Glaserman,35296398492,634-814-8710,tglaserman7@go.com
459,Lanae,Scullin,48171551255,182-698-2088,lscullin8@livejournal.com
460,Erika,Greenway,99906145610,552-738-0416,egreenway9@jimdo.com
461,Valry,Cohen,39069311891,646-337-9220,vcohena@opensource.org
462,Maddalena,Sebborn,26944331445,694-827-2339,msebbornb@google.ru
463,Howie,Baston,28639119647,243-858-1314,hbastonc@utexas.edu
464,Flin,Parke,61106535224,254-984-6141,fparked@nsw.gov.au
465,Lazarus,Brotherton,89590968398,343-543-9119,lbrothertone@163.com
466,Ollie,Jeffrey,32569570347,666-882-5854,ojeffreyf@live.com
467,Flory,Batchley,68575127553,755-702-1938,fbatchleyg@wikipedia.org
468,Reagan,Prall,41863446848,825-768-8560,rprallh@cbsnews.com
469,Stephan,Pakenham,31031226548,927-462-1289,spakenhami@upenn.edu
470,Ceil,Larkin,45491638617,817-720-9243,clarkinj@com.com
471,Ame,Dotson,22476401388,475-803-1514,adotsonk@cyberchimps.com
472,Zach,Nunn,91307077667,196-716-4846,znunnl@desdev.cn
473,Waring,Blurton,95976445563,861-436-8006,wblurtonm@fema.gov
474,Fairleigh,Valde,76322433446,893-380-6929,fvalden@wired.com
475,Leticia,Bligh,89159274568,383-732-2798,lbligho@amazonaws.com
476,Consuelo,Shreeve,34415812389,474-978-2798,cshreevep@hud.gov
477,Friedrich,Manthorpe,99760006021,870-843-4481,fmanthorpeq@wordpress.com
478,Sande,Doumerque,65539083760,831-842-8196,sdoumerquer@clickbank.net
479,Seumas,Durrell,57786960152,732-552-0278,sdurrells@arizona.edu
480,Gothart,Pamphilon,99328557158,730-707-1676,gpamphilont@forbes.com
481,Bendix,Notton,57203931685,486-200-3452,bnottonu@cisco.com
482,Fitz,Cauley,94271492682,225-534-9846,fcauleyv@51.la
483,Clarissa,Vain,36053946708,842-890-3921,cvainw@domainmarket.com
484,Janessa,Yezafovich,43142302061,119-711-1758,jyezafovichx@smugmug.com
485,Doreen,Cumpsty,32502187402,637-599-7364,dcumpstyy@fastcompany.com
486,Ulrika,Kleinholz,97666454322,281-614-2947,ukleinholzz@exblog.jp
487,Hall,Herety,74930810556,301-440-5081,hherety10@a8.net
488,Bianca,Mell,71206210777,499-961-7630,bmell11@earthlink.net
489,Max,Nelsey,27337519080,184-393-2468,mnelsey12@ustream.tv
490,Myles,Camidge,40629671166,540-684-7568,mcamidge13@twitter.com
491,Pete,Arnet,20515394679,984-614-5541,parnet14@slate.com
492,Teressa,Nicholson,34894225332,987-190-3232,tnicholson15@forbes.com
493,Alexio,Eldrett,34247507451,614-620-7429,aeldrett16@facebook.com
494,Tabby,Saurin,22748954540,633-539-9420,tsaurin17@phpbb.com
495,Antons,Sinnocke,83741403443,994-517-5842,asinnocke18@bloglines.com
496,Vonni,Varnham,29371381157,221-568-0724,vvarnham19@prnewswire.com
497,Gwendolen,Whitmell,33241860667,257-163-9766,gwhitmell1a@upenn.edu
498,Jolynn,Reville,77766350584,252-575-6470,jreville1b@kickstarter.com
499,Harper,Elfitt,82963006079,538-363-8677,helfitt1c@seattletimes.com
500,Kala,Baldock,35964750091,629-523-6076,kbaldock1d@lycos.com
501,Lynde,Robbe,49721807408,520-827-2385,lrobbe0@intel.com
502,Perrine,Mulryan,83093877768,327-239-4157,pmulryan1@cnet.com
503,Gonzalo,Dyment,82764182363,745-537-5078,gdyment2@hao123.com
504,Delilah,Matevushev,83408089971,230-786-9285,dmatevushev3@dropbox.com
505,Cissy,Fincke,70863711713,214-556-2266,cfincke4@hao123.com
506,Karissa,Bowcock,26557007892,634-668-0097,kbowcock5@imgur.com
507,Catharina,Quinion,34734032872,999-504-1611,cquinion6@nyu.edu
508,Callean,Petranek,58450033485,479-629-7733,cpetranek7@geocities.jp
509,Karna,Carslake,75802949298,604-395-5140,kcarslake8@senate.gov
510,Sisile,Elgie,70802016510,620-878-4266,selgie9@forbes.com
511,Maire,Mettricke,12404447574,737-337-0184,mmettrickea@meetup.com
512,Gustie,Chittenden,39098805395,991-695-8206,gchittendenb@hud.gov
513,Cirstoforo,Neasham,52190371539,754-683-4968,cneashamc@over-blog.com
514,Moll,Ilyushkin,30617719081,451-585-9212,milyushkind@about.me
515,Lorrie,Butterfint,63064037026,537-208-2574,lbutterfinte@arstechnica.com
516,Mitch,Humbell,23122194570,614-775-3189,mhumbellf@npr.org
517,Lewes,Gheorghe,87992479877,734-921-0566,lgheorgheg@sphinn.com
518,Angelina,Clemes,24799113220,425-842-4324,aclemesh@cbslocal.com
519,Electra,Sugge,13742329478,679-525-8896,esuggei@delicious.com
520,Olympe,Feldharker,10329696626,203-288-2746,ofeldharkerj@home.pl
521,Jazmin,Fassan,92767821883,969-577-2473,jfassank@shinystat.com
522,Othilia,Bader,82119882875,267-792-5395,obaderl@usgs.gov
523,Lindsey,Croxley,87300845680,423-307-3137,lcroxleym@google.com
524,Aloin,Wilflinger,99634436816,601-102-6164,awilflingern@unblog.fr
525,Dougie,Punton,27075918168,930-235-0831,dpuntono@godaddy.com
526,Tabatha,Bonass,50482664680,603-464-0161,tbonassp@hc360.com
527,Cybil,Killingbeck,27272680503,520-578-6277,ckillingbeckq@blogs.com
528,Bekki,Halpeine,80925709154,732-654-9839,bhalpeiner@illinois.edu
529,Belinda,Brodie,22161344140,886-517-0282,bbrodies@sina.com.cn
530,Percival,Chelsom,39380443794,692-399-3749,pchelsomt@spotify.com
531,George,Agates,16859850507,142-794-9205,gagatesu@wiley.com
532,Ethelin,Sibley,17378644883,363-432-6102,esibleyv@mozilla.org
533,Noak,Giacomazzo,44604447678,803-205-9888,ngiacomazzow@flavors.me
534,Conn,Dulson,48429397108,325-758-9485,cdulsonx@npr.org
535,Kissie,Jeffreys,38327726928,774-533-0492,kjeffreysy@gravatar.com
536,Cecile,Smeaton,55985751853,806-244-4583,csmeatonz@fda.gov
537,Rand,Philipot,82241486585,448-325-5952,rphilipot10@mediafire.com
538,Lisetta,Kiln,78922942644,114-218-5115,lkiln11@slideshare.net
539,Salomi,Stacy,23928440605,877-998-1727,sstacy12@bbc.co.uk
540,Bathsheba,Scotti,62815748295,879-780-8289,bscotti13@home.pl
541,Lynna,Bibby,58330828205,300-912-6526,lbibby14@techcrunch.com
542,Mikol,Elwel,71108725467,924-474-1307,melwel15@github.com
543,Sher,Keuntje,48440251403,938-126-2313,skeuntje16@tinypic.com
544,Ashli,Gell,94788326221,779-424-1462,agell17@joomla.org
545,Wallie,Puxley,30678136329,516-983-3949,wpuxley18@thetimes.co.uk
546,Neill,Elliker,17204709404,378-953-0221,nelliker19@usa.gov
547,Kaitlynn,Tabord,56427405595,685-414-3864,ktabord1a@wsj.com
548,Even,Douce,21599187852,902-913-3873,edouce1b@paginegialle.it
549,Barnard,Ronnay,31232349241,180-168-3610,bronnay1c@twitpic.com
550,Meredithe,Krink,69047504066,730-643-9860,mkrink1d@ucsd.edu
551,Dusty,Lardnar,44405152387,340-327-1567,dlardnar1e@shareasale.com
552,Chas,Sermin,69837897574,244-505-6983,csermin1f@angelfire.com
553,Paulie,Bromby,99525546326,419-896-6517,pbromby1g@google.es
554,Rickard,Gontier,99705503101,453-575-1551,rgontier1h@stumbleupon.com
555,Deva,Eagger,89237096260,742-128-3521,deagger1i@fema.gov
556,Edik,Greve,86311780715,691-568-3162,egreve1j@amazonaws.com
557,Alison,Lasty,70253631166,912-735-9579,alasty1k@narod.ru
558,West,Bampkin,60391382611,501-200-7263,wbampkin1l@dion.ne.jp
559,Rockey,Rainton,79297181427,871-908-6203,rrainton1m@zimbio.com
560,Doro,Steuart,19122331129,834-511-7823,dsteuart1n@java.com
561,Arabelle,Eskrick,81281115753,749-510-6360,aeskrick1o@berkeley.edu
562,Ninnette,Skones,27572915663,293-393-5158,nskones1p@dell.com
563,Brittne,Coch,24196185427,465-444-1492,bcoch1q@weibo.com
564,Ophelie,Loverock,33136288527,521-418-6084,oloverock1r@aol.com
565,Selby,Weippert,93402080800,639-160-3600,sweippert1s@t.co
566,Tam,Halle,70308083498,908-189-8034,thalle1t@gmpg.org
567,Kass,Barstow,62202654180,958-721-3482,kbarstow1u@lulu.com
568,Aldo,Maywood,31151696140,718-449-6471,amaywood1v@tamu.edu
569,Marice,Croce,37300733181,113-512-2723,mcroce1w@cbslocal.com
570,Clem,Joselson,34519844996,212-653-4934,cjoselson1x@hc360.com
571,Klarika,Hegden,61880803690,440-135-2853,khegden1y@google.es
572,Arline,Maddison,13280045516,622-897-8804,amaddison1z@blogs.com
573,Lelah,Rosiello,96328830996,757-260-7582,lrosiello20@yelp.com
574,Wenona,Crossland,19177912495,474-256-2938,wcrossland21@weebly.com
575,Karl,Klimkin,45922983756,279-122-3720,kklimkin22@dot.gov
576,Ferdinanda,Pracy,84848750974,114-900-0148,fpracy23@oakley.com
577,Madelin,Merigeau,25953505685,332-278-2085,mmerigeau24@mayoclinic.com
578,Trix,Andrini,19169365680,655-820-9719,tandrini25@shinystat.com
579,Blisse,McKelvie,50671900043,633-868-1326,bmckelvie26@microsoft.com
580,Phaidra,Ailward,27473889898,420-772-1002,pailward27@archive.org
581,Luz,Blakeston,92027958096,227-974-2665,lblakeston28@slideshare.net
582,Penny,Eaglen,31016804540,215-262-1127,peaglen29@sciencedirect.com
583,Rubetta,Tyght,24407815484,669-859-5614,rtyght2a@flickr.com
584,Dorry,Brereton,28861433062,312-436-9217,dbrereton2b@ed.gov
585,Ferne,Devas,50398673229,898-143-4460,fdevas2c@taobao.com
586,Alec,Braams,50542295169,886-137-2523,abraams2d@sciencedaily.com
587,Nathan,MacAndreis,31118613447,395-133-3226,nmacandreis2e@ycombinator.com
588,Mathilde,Blatcher,34365770990,948-639-1912,mblatcher2f@gizmodo.com
589,Erinn,Thies,79786803569,835-932-3390,ethies2g@digg.com
590,Ebba,Fogt,36077236232,492-172-9787,efogt2h@netlog.com
591,Justina,Elam,74175586883,114-625-9134,jelam2i@fotki.com
592,Lemmie,Beeble,87367657897,551-829-4420,lbeeble2j@dion.ne.jp
593,Wade,Boor,98367536190,441-516-8189,wboor2k@wisc.edu
594,Gerri,Janny,96882771132,445-181-4400,gjanny2l@hp.com
595,Sayre,Klimsch,76105483235,605-834-8167,sklimsch2m@blinklist.com
596,Tedda,Ierland,56129322930,812-306-6825,tierland2n@i2i.jp
597,Klarrisa,Flott,62020206401,241-606-8773,kflott2o@microsoft.com
598,Ema,Dayes,84072303388,724-330-8300,edayes2p@java.com
599,Vinson,Attrill,76479340891,520-922-7493,vattrill2q@disqus.com
600,Kimberly,Eakin,51942735609,184-797-8809,keakin2r@php.net
601,Arluene,Burras,78833191987,357-112-6908,aburras0@tripod.com
602,Taddeusz,Asel,90517151900,361-631-9309,tasel1@ucoz.com
603,Ignacius,Scholtis,69831299830,895-156-4845,ischoltis2@angelfire.com
604,Florian,Williamson,27107708349,469-749-1357,fwilliamson3@mozilla.org
605,Frederik,Symons,60121447755,598-819-2431,fsymons4@ed.gov
606,Parry,McGrady,16968277150,743-136-9426,pmcgrady5@patch.com
607,Doroteya,Sedgemore,79475573884,820-383-8227,dsedgemore6@harvard.edu
608,Parrnell,Draisey,21559720663,224-429-6486,pdraisey7@wikispaces.com
609,Germaine,Oubridge,22950909355,507-902-8614,goubridge8@sun.com
610,Gustaf,Lago,23941564386,575-756-5934,glago9@ft.com
611,Indira,Riby,91107417630,945-458-9090,iribya@storify.com
612,Carlos,McGuffog,53813050402,423-737-3626,cmcguffogb@newsvine.com
613,Antonetta,Lockless,12962754019,831-283-9807,alocklessc@typepad.com
614,Cory,Gipson,52790961819,347-367-0005,cgipsond@dailymail.co.uk
615,Carmelia,Grandison,42153957945,756-409-8754,cgrandisone@gravatar.com
616,Carlee,Kaplan,85293013288,578-562-2230,ckaplanf@chronoengine.com
617,Sherrie,Passman,39151938254,937-379-8902,spassmang@tripod.com
618,Hillary,Kleuer,64833390653,524-220-0394,hkleuerh@creativecommons.org
619,Lucille,Long,18983337580,171-830-2659,llongi@w3.org
620,Jany,Scarce,67101781303,733-475-2218,jscarcej@skyrock.com
621,Gabi,Noseworthy,94178125564,180-302-2116,gnoseworthyk@aboutads.info
622,Dredi,Matzaitis,74391141748,846-369-6314,dmatzaitisl@shinystat.com
623,Lowrance,Longcake,64285737005,829-630-4390,llongcakem@shinystat.com
624,Calvin,McKeighan,54795520803,528-262-3719,cmckeighann@apache.org
625,Felicia,Cornejo,74773581921,942-419-5736,fcornejoo@discuz.net
626,Gabby,Seif,70182027549,511-642-1622,gseifp@ifeng.com
627,Lesly,Schulkins,61207365857,837-206-0775,lschulkinsq@twitpic.com
628,Madelle,Sergison,29846194244,985-653-7983,msergisonr@ning.com
629,Lani,Tym,26861342036,676-140-0659,ltyms@symantec.com
630,Leigh,Sarfat,29614477351,418-177-8527,lsarfatt@narod.ru
631,Clayborn,Stuckey,69148618235,119-389-7109,cstuckeyu@barnesandnoble.com
632,Rudolph,Duxbarry,16119690054,733-958-7872,rduxbarryv@stumbleupon.com
633,Jeff,Alberti,99108327050,806-514-2341,jalbertiw@rakuten.co.jp
634,Henderson,Chauvey,62234211254,513-685-9790,hchauveyx@163.com
635,Luelle,Tosney,58530186352,321-320-1111,ltosneyy@moonfruit.com
636,Somerset,Skae,85922530217,280-284-9821,sskaez@e-recht24.de
637,Tersina,Peerman,46811929592,146-266-2687,tpeerman10@dion.ne.jp
638,Francine,Croughan,91821097996,186-326-9074,fcroughan11@google.pl
639,Guilbert,Stammer,88285950908,306-138-8751,gstammer12@wikia.com
640,Alejoa,Bedrosian,62952718486,313-895-8286,abedrosian13@ca.gov
641,Hagen,Marden,85254860634,816-630-9590,hmarden14@newyorker.com
642,Alethea,Figge,11449235129,980-302-3091,afigge15@skype.com
643,Matilda,Hellin,30359112503,359-532-0787,mhellin16@microsoft.com
644,Friedrick,Bernuzzi,58835899351,922-446-4954,fbernuzzi17@ftc.gov
645,Tony,Calven,67961934879,107-133-2308,tcalven18@google.de
646,Estell,Deane,62200265935,907-832-0538,edeane19@springer.com
647,Cariotta,Pascow,70058030898,834-579-1796,cpascow1a@unblog.fr
648,Mela,Catlin,25836270470,911-994-8764,mcatlin1b@wordpress.com
649,Nonnah,Reichardt,90653780837,851-548-0672,nreichardt1c@arizona.edu
650,Tirrell,Lenaghen,84159373506,971-465-6929,tlenaghen1d@dagondesign.com
651,Cyndy,Fanshawe,39770891665,156-784-4558,cfanshawe1e@xrea.com
652,Neille,Kann,70802364913,258-959-9386,nkann1f@t.co
653,Joellyn,Liversidge,16116265020,831-508-2653,jliversidge1g@cdbaby.com
654,Isabelita,Buy,37825381139,435-795-0603,ibuy1h@moonfruit.com
655,Carling,Durand,46243337097,584-413-8653,cdurand1i@stanford.edu
656,Emmey,Ginger,34441005737,962-221-3811,eginger1j@tinypic.com
657,Berta,Petford,38690800253,492-844-4128,bpetford1k@vistaprint.com
658,Raleigh,Giraudo,15130801563,218-168-5916,rgiraudo1l@telegraph.co.uk
659,Nedi,Philcox,88390817532,355-462-3824,nphilcox1m@hatena.ne.jp
660,Florella,Janway,25608490292,210-902-8293,fjanway1n@theatlantic.com
661,Stefania,Kelcher,89639471244,994-889-5347,skelcher1o@mediafire.com
662,Darice,Jakovijevic,71894661654,693-301-5488,djakovijevic1p@dagondesign.com
663,Hendrik,Vedenyapin,73447486295,292-162-1184,hvedenyapin1q@pcworld.com
664,Wade,McNevin,72466211007,214-473-9298,wmcnevin1r@bandcamp.com
665,Gearard,Wesley,86250289841,224-407-0684,gwesley1s@51.la
666,Patty,Harcombe,67720360829,256-852-6054,pharcombe1t@irs.gov
667,Phylis,Benham,54146001676,190-583-6992,pbenham1u@paypal.com
668,Merrill,Livzey,41068650927,217-495-2935,mlivzey1v@sciencedirect.com
669,Meridith,Tudball,88221732094,568-754-4579,mtudball1w@archive.org
670,Flo,Suscens,85102802197,898-569-0312,fsuscens1x@auda.org.au
671,Colby,Blade,18577764440,113-836-1074,cblade1y@istockphoto.com
672,Emmalee,Gemmill,37234890612,385-254-4326,egemmill1z@dyndns.org
673,Giff,Cubbon,54601927679,965-483-7325,gcubbon20@homestead.com
674,Francene,Lindenberg,36823445028,999-267-6655,flindenberg21@google.com.au
675,Torrence,Raft,67400593896,940-674-3412,traft22@simplemachines.org
676,Matthieu,Flade,69400460470,948-822-8525,mflade23@edublogs.org
677,Allyson,Chopping,33356890363,683-836-5307,achopping24@ezinearticles.com
678,Kirbee,Noyes,49588934198,503-473-0616,knoyes25@nymag.com
679,Early,Lampert,90141005387,947-605-5384,elampert26@behance.net
680,Hobey,Bugg,38554590435,687-613-4771,hbugg27@pcworld.com
681,Tobey,Acom,23503297482,965-267-0063,tacom28@a8.net
682,Dorie,Beeston,62308351112,100-513-7636,dbeeston29@dyndns.org
683,Raquel,Barrar,33480784347,600-651-1994,rbarrar2a@squarespace.com
684,Pyotr,Jozwiak,26338581625,867-866-4052,pjozwiak2b@cocolog-nifty.com
685,Aimee,Hawton,96665327190,540-509-1092,ahawton2c@icio.us
686,Daryle,D'Aubney,39406174595,728-108-0322,ddaubney2d@businessinsider.com
687,Virgina,Devote,69622650255,634-580-7572,vdevote2e@clickbank.net
688,Grete,Winsor,63914279454,990-148-3426,gwinsor2f@bizjournals.com
689,Juliette,Francescozzi,70901262041,709-354-8648,jfrancescozzi2g@odnoklassniki.ru
690,Cletis,Gyrgorwicx,23132374899,226-404-6487,cgyrgorwicx2h@intel.com
691,Cathrine,Whitington,92097377825,557-434-6237,cwhitington2i@prweb.com
692,Cordell,Knappitt,62307259543,214-323-3488,cknappitt2j@huffingtonpost.com
693,Dotti,Tribbeck,34694504006,300-516-6238,dtribbeck2k@taobao.com
694,Theodoric,Marconi,33958123464,172-714-4770,tmarconi2l@nps.gov
695,Forbes,Haynesford,79704803424,873-299-6816,fhaynesford2m@springer.com
696,Kerr,Domnin,49587614842,975-966-9656,kdomnin2n@accuweather.com
697,Haroun,Manville,43114871370,755-922-6843,hmanville2o@earthlink.net
698,Vivien,Questier,64835000835,380-599-1560,vquestier2p@va.gov
699,Towney,Latta,46673771146,828-981-9803,tlatta2q@cpanel.net
700,Anjanette,Winscum,91471885117,335-978-2333,awinscum2r@mashable.com
701,Millisent,Pestell,61329967147,693-809-8514,mpestell0@moonfruit.com
702,Jonathan,Ganning,13347552870,134-105-0326,jganning1@ihg.com
703,Northrup,Callam,78581077380,592-466-1897,ncallam2@pcworld.com
704,Margaret,Kairns,69712880710,283-833-5245,mkairns3@sbwire.com
705,Chrissy,Myott,82882671631,572-334-5689,cmyott4@ca.gov
706,Raimund,Bilofsky,65603468673,123-895-3716,rbilofsky5@discuz.net
707,Gradeigh,Bogart,49087131375,586-102-7846,gbogart6@instagram.com
708,Panchito,Purchase,56989895857,148-592-5972,ppurchase7@amazon.co.jp
709,Cal,Pury,71449658571,440-488-7196,cpury8@abc.net.au
710,Rebekah,Laroux,97082681205,527-848-0261,rlaroux9@uol.com.br
711,Harold,Camies,62126061902,674-818-1063,hcamiesa@oracle.com
712,Heriberto,Udey,17919927121,880-128-0831,hudeyb@blogspot.com
713,Hillard,Prawle,55157206121,155-610-0469,hprawlec@amazon.de
714,Margareta,Petrichat,98606040431,495-719-3801,mpetrichatd@yale.edu
715,Bryn,Harmson,77830603842,428-134-4373,bharmsone@ifeng.com
716,Christoper,Bricket,93281329086,135-227-5312,cbricketf@uiuc.edu
717,Fallon,Espinho,91954304028,466-585-2944,fespinhog@harvard.edu
718,Mickey,Fawbert,50086273407,665-698-1596,mfawberth@jiathis.com
719,Gusty,Hacker,98177215820,476-558-4041,ghackeri@bluehost.com
720,Eduardo,Hindrich,68574418905,407-265-3368,ehindrichj@parallels.com
721,Jobyna,Honatsch,83029512045,241-264-9416,jhonatschk@surveymonkey.com
722,Cris,Cumo,10788284604,534-149-8406,ccumol@t-online.de
723,Neil,Eyer,90104345688,816-173-8996,neyerm@sohu.com
724,Devonna,Osburn,38639350550,308-906-2678,dosburnn@purevolume.com
725,Dick,Deluze,88806725473,357-628-0661,ddeluzeo@github.com
726,Ali,Klimochkin,22452924433,913-925-2325,aklimochkinp@bandcamp.com
727,Carey,Glanester,59687004101,615-792-3161,cglanesterq@vimeo.com
728,Ring,Piotrkowski,77209712188,446-300-2751,rpiotrkowskir@ning.com
729,Winnie,Elcock,18666442578,429-685-9554,welcocks@pagesperso-orange.fr
730,Cecilius,Breawood,40827681571,953-319-4330,cbreawoodt@yale.edu
731,Gracie,Ever,50843203805,527-144-6173,geveru@pbs.org
732,Todd,Rew,24001045680,689-651-0781,trewv@infoseek.co.jp
733,Liva,Fullbrook,71212871195,891-362-3046,lfullbrookw@imgur.com
734,Sven,Bartolomeazzi,91899823366,953-193-6460,sbartolomeazzix@aboutads.info
735,Marylinda,Chene,26003072460,265-791-8816,mcheney@yahoo.co.jp
736,Aguste,Bohan,62216655421,918-484-1190,abohanz@huffingtonpost.com
737,Calley,Chieze,16643607874,278-416-1723,cchieze10@jalbum.net
738,Calley,Longshaw,11441869163,526-683-1063,clongshaw11@cam.ac.uk
739,Roosevelt,Sheather,54188860417,386-568-4165,rsheather12@webeden.co.uk
740,Meryl,Scolli,16198814728,268-497-0424,mscolli13@newsvine.com
741,Jocelin,Jeanon,16577386986,717-288-7217,jjeanon14@csmonitor.com
742,Blanche,Weale,70356305269,857-621-4829,bweale15@mapquest.com
743,Wash,Grey,94034304377,656-642-9460,wgrey16@ning.com
744,Chloette,Peffer,62361645563,992-651-2030,cpeffer17@php.net
745,Gale,Hackinge,79556779963,447-321-9142,ghackinge18@phoca.cz
746,Sigfried,Parnell,53745839720,547-359-5301,sparnell19@theglobeandmail.com
747,Brion,Janous,55414236340,984-876-0721,bjanous1a@independent.co.uk
748,Kania,Goodee,86512667717,905-578-2708,kgoodee1b@webs.com
749,Drew,Pearman,62366530540,477-463-2467,dpearman1c@redcross.org
750,Rosalyn,Blincko,68637515638,847-653-6075,rblincko1d@dyndns.org
751,Alano,Lapham,73560538646,850-578-3356,alapham1e@prnewswire.com
752,Erhart,Kalkofen,27203235534,861-278-0200,ekalkofen1f@cpanel.net
753,Franciska,Botwright,68294524993,651-365-6972,fbotwright1g@acquirethisname.com
754,Aland,Vickress,83853392177,930-521-9155,avickress1h@ycombinator.com
755,Stacy,Manterfield,13807991916,536-477-0267,smanterfield1i@cmu.edu
756,Fiann,Rohan,47843727569,109-348-4171,frohan1j@opensource.org
757,Lynnet,Manes,83511251732,221-653-3004,lmanes1k@lulu.com
758,Dacy,MacCallum,85647492543,592-723-2023,dmaccallum1l@mapquest.com
759,Nan,Fernie,13443787620,294-636-7654,nfernie1m@usa.gov
760,Idette,Priddie,59977626951,834-471-4194,ipriddie1n@dagondesign.com
761,Alida,Rolls,71854923213,888-701-0265,arolls1o@phpbb.com
762,Puff,Flight,44418169951,968-834-6825,pflight1p@123-reg.co.uk
763,Kerk,Pechard,99526905599,218-405-5300,kpechard1q@theatlantic.com
764,Trixy,Shackelton,96329275570,768-542-5934,tshackelton1r@home.pl
765,Eduardo,O'Breen,46483241644,546-528-5274,eobreen1s@amazon.de
766,Pammy,Blakeden,61056973231,818-234-2716,pblakeden1t@altervista.org
767,Thadeus,Islep,97998756436,464-373-7270,tislep1u@joomla.org
768,Germain,Sheer,95023330173,356-558-8642,gsheer1v@digg.com
769,Hendrik,Kelledy,64089160919,859-622-4448,hkelledy1w@engadget.com
770,Cesar,Krollman,66309578121,572-315-3124,ckrollman1x@spiegel.de
771,Dun,Renyard,99923981613,119-110-4841,drenyard1y@reuters.com
772,Maddie,Coppen,65719624088,898-635-8322,mcoppen1z@wiley.com
773,Tani,Nutt,33676772315,224-110-4764,tnutt20@cnet.com
774,Odilia,Sherr,52901260445,476-146-3132,osherr21@nature.com
775,Wileen,Housecroft,95280461121,702-498-4934,whousecroft22@va.gov
776,Eunice,Pohlke,94315342430,845-134-1962,epohlke23@theatlantic.com
777,Modesty,Edgehill,47254819221,629-503-4112,medgehill24@aol.com
778,Anny,Kilborn,88118907302,843-406-4095,akilborn25@amazon.de
779,Anetta,Spellessy,63360055234,462-390-1629,aspellessy26@plala.or.jp
780,Gerianna,Josuweit,55337154027,182-115-7717,gjosuweit27@ovh.net
781,Dinnie,Huws,24229134769,582-491-1755,dhuws28@globo.com
782,Beulah,Hatliffe,44043427731,912-342-4385,bhatliffe29@discuz.net
783,Ignace,Jost,91546797487,250-862-2945,ijost2a@utexas.edu
784,Bryn,Guillot,70179107969,204-334-1930,bguillot2b@parallels.com
785,Flossie,Strathern,14761656609,632-789-6301,fstrathern2c@examiner.com
786,Penni,Zavattieri,23690965097,556-111-4670,pzavattieri2d@microsoft.com
787,Nannie,Greasley,11006749131,134-701-4428,ngreasley2e@zimbio.com
788,Clem,Brunsdon,84937810665,225-199-3480,cbrunsdon2f@amazon.com
789,Carma,McGonnell,79912479203,345-942-2174,cmcgonnell2g@apache.org
790,Tiffani,Stickley,73948203688,127-867-0708,tstickley2h@nih.gov
791,Gussie,Bedle,38653833934,290-969-8280,gbedle2i@unc.edu
792,Candra,Springtorpe,73754631766,205-385-4542,cspringtorpe2j@salon.com
793,Aurora,Pakeman,77992726917,972-817-8626,apakeman2k@ehow.com
794,Dwain,Spensly,60376533804,666-314-7151,dspensly2l@aol.com
795,Ivonne,Cattle,79648571467,559-804-9547,icattle2m@un.org
796,Rena,Barthelmes,52295373234,843-216-4185,rbarthelmes2n@lycos.com
797,Mag,Ticic,77229897740,249-788-2093,mticic2o@mlb.com
798,Etienne,Moorcroft,64711832545,626-262-1970,emoorcroft2p@home.pl
799,Cookie,Furlow,73641657915,384-735-2292,cfurlow2q@smh.com.au
800,Angelina,Breckwell,41281003370,300-433-4023,abreckwell2r@cargocollective.com
801,Nadine,Pady,44583608897,627-912-1559,npady0@reverbnation.com
802,Clare,Amorts,63200970690,697-794-6176,camorts1@vinaora.com
803,Fancy,McArley,50991965582,773-526-1781,fmcarley2@cisco.com
804,Fergus,Bockh,31828836809,296-815-1734,fbockh3@lulu.com
805,Lorna,Rayer,39348523459,184-695-6557,lrayer4@printfriendly.com
806,Rona,Rodie,82793239605,647-775-5152,rrodie5@craigslist.org
807,Derek,Simonsen,82268584732,657-101-2691,dsimonsen6@newyorker.com
808,Aubree,Netley,42771676275,720-985-8090,anetley7@gov.uk
809,Theo,Ridewood,98042589665,328-681-8499,tridewood8@naver.com
810,Hart,Wickwar,52644244687,863-585-9338,hwickwar9@yale.edu
811,Hasty,Flowers,35489126784,380-486-5676,hflowersa@slideshare.net
812,Katherine,Privost,75093166213,302-487-0225,kprivostb@rambler.ru
813,Truman,Matveiko,74002488111,428-215-7474,tmatveikoc@google.fr
814,Donetta,Strivens,90391786214,673-432-0909,dstrivensd@ed.gov
815,Miriam,Matteris,60751552383,715-148-5347,mmatterise@nba.com
816,Kizzie,Stennings,60150808331,756-445-6940,kstenningsf@nydailynews.com
817,Cristionna,Mynard,21094600345,374-376-8296,cmynardg@trellian.com
818,Muire,Kiln,56227758691,903-494-9586,mkilnh@de.vu
819,Tami,Warre,51184424910,435-187-7341,twarrei@github.io
820,Herbie,Sharkey,46453793352,180-334-0995,hsharkeyj@theguardian.com
821,Dottie,Tirte,25998541075,248-147-1860,dtirtek@nationalgeographic.com
822,Malchy,Juhruke,62916958211,306-333-8237,mjuhrukel@imdb.com
823,Mindy,Leopard,62470499722,945-915-5329,mleopardm@google.cn
824,Onida,Jovicic,64420981097,537-455-9607,ojovicicn@comcast.net
825,Worthy,Barthrop,97631717366,745-669-0926,wbarthropo@miibeian.gov.cn
826,Alden,Lodford,86603226505,344-436-1744,alodfordp@usatoday.com
827,Sibyl,Crang,40591196528,934-398-0519,scrangq@shop-pro.jp
828,Corissa,Slyman,49765126427,920-103-8649,cslymanr@berkeley.edu
829,Elysee,Motto,55457135081,861-290-8244,emottos@time.com
830,Adele,Yearsley,21495273180,909-907-4467,ayearsleyt@blogtalkradio.com
831,Pru,Edworthie,68894538923,519-270-8456,pedworthieu@liveinternet.ru
832,Julee,Sigert,13932577511,244-821-8070,jsigertv@scientificamerican.com
833,Doroteya,Icke,10653043143,151-873-3130,dickew@etsy.com
834,Carmelle,Guilliatt,31338944886,537-703-0438,cguilliattx@meetup.com
835,Jakie,Schiementz,91106752843,348-157-2533,jschiementzy@craigslist.org
836,Elianora,Van den Dael,44373410897,743-975-9531,evandendaelz@nature.com
837,Leesa,Castiglione,45421814099,308-777-9573,lcastiglione10@intel.com
838,Ernestine,Novik,91959747130,728-782-7220,enovik11@usnews.com
839,Rowen,Cattermole,56487760403,269-691-5839,rcattermole12@about.me
840,Harriott,Postin,48325194100,495-486-6254,hpostin13@soundcloud.com
841,Torrie,Tunnadine,86076788310,422-336-8328,ttunnadine14@bluehost.com
842,Husain,Schroder,72098766623,285-447-6963,hschroder15@scribd.com
843,Bianka,Greetham,16973422822,601-607-7693,bgreetham16@marketwatch.com
844,Lindon,Thirtle,61264226072,731-695-9718,lthirtle17@uiuc.edu
845,Jessie,Hessing,84969672063,714-155-6506,jhessing18@t-online.de
846,Ulrika,Berthel,94267203890,846-886-8115,uberthel19@noaa.gov
847,Dela,Kenrick,13852441638,963-584-3131,dkenrick1a@theglobeandmail.com
848,Nettle,Greenshields,95211330224,531-694-5323,ngreenshields1b@shinystat.com
849,Lanette,Jacson,74807336400,842-466-8069,ljacson1c@seattletimes.com
850,Stephanie,Lowrie,23409086269,374-175-6899,slowrie1d@state.tx.us
851,Maurits,Kirtley,93293401822,302-686-6416,mkirtley1e@privacy.gov.au
852,Harvey,Miere,22674977997,373-498-0651,hmiere1f@senate.gov
853,Kym,Trail,66455758716,133-686-4669,ktrail1g@hhs.gov
854,Dacy,Blenkin,78788759127,721-358-6224,dblenkin1h@moonfruit.com
855,Darda,Eim,45867518811,612-631-2963,deim1i@google.it
856,Reube,Hamner,19172721880,485-416-3647,rhamner1j@engadget.com
857,Marne,Tamburi,47940156703,507-514-4477,mtamburi1k@dell.com
858,Hagan,Margeram,53709150486,512-290-2262,hmargeram1l@globo.com
859,Hoebart,Atkirk,75105271519,498-480-8740,hatkirk1m@dropbox.com
860,Sansone,MacNab,80992631610,911-897-2266,smacnab1n@zdnet.com
861,Mikel,Prestidge,58024173752,851-171-8486,mprestidge1o@senate.gov
862,Delcine,Mitham,98418788453,407-354-7906,dmitham1p@scientificamerican.com
863,Ambrosius,Hodgen,94080092064,320-802-8385,ahodgen1q@oaic.gov.au
864,Davie,Bunson,25139591373,714-435-3591,dbunson1r@unblog.fr
865,Sophie,Heball,82487324081,172-572-6830,sheball1s@shareasale.com
866,Berkley,Stiegar,53880003966,101-322-3398,bstiegar1t@bing.com
867,Gloriana,Massey,47029968785,857-488-4048,gmassey1u@blinklist.com
868,Brenna,Ayars,75257071654,495-990-4511,bayars1v@people.com.cn
869,Lanie,Sutton,75018724883,538-470-9322,lsutton1w@va.gov
870,Veronike,Giraudoux,47947678640,304-543-6559,vgiraudoux1x@springer.com
871,Zonda,Yurlov,85107802491,955-612-6669,zyurlov1y@huffingtonpost.com
872,Thayne,Nares,60723159599,697-560-2572,tnares1z@illinois.edu
873,Rickie,Benam,27506483977,921-493-5693,rbenam20@sbwire.com
874,Nikolai,Clousley,70947387569,336-102-0600,nclousley21@theatlantic.com
875,Ashby,McGeagh,11494010988,832-555-1371,amcgeagh22@prlog.org
876,Norton,Novik,56090340027,273-925-2642,nnovik23@jalbum.net
877,Nels,Freund,56425913119,391-666-5354,nfreund24@rakuten.co.jp
878,Katherine,Burkman,64643701595,350-825-1154,kburkman25@multiply.com
879,Bryce,Pegram,81309885854,960-673-8289,bpegram26@yellowbook.com
880,Koenraad,Vasilyevski,44571715724,205-980-6661,kvasilyevski27@feedburner.com
881,Darcee,Clowley,33016086439,624-691-0866,dclowley28@latimes.com
882,Artie,Boissier,17153904336,388-215-7430,aboissier29@ebay.co.uk
883,Elfie,Simonite,96037835137,632-880-7464,esimonite2a@gnu.org
884,Burr,Ciccottio,72372099497,382-526-5393,bciccottio2b@eventbrite.com
885,Adolpho,Diamant,64983096095,605-130-7900,adiamant2c@google.co.uk
886,Meyer,Doyland,26489294705,585-522-0493,mdoyland2d@ucla.edu
887,Sherline,Wash,30484715006,132-226-8764,swash2e@washingtonpost.com
888,Allyn,Garden,70320540705,660-948-9601,agarden2f@angelfire.com
889,Flemming,Yockley,26579665037,376-511-6263,fyockley2g@github.com
890,Layla,Fawley,37095745221,739-259-0460,lfawley2h@ustream.tv
891,Caprice,O' Mahony,42716996002,551-630-7309,comahony2i@amazon.de
892,Luciana,Millhouse,45481628437,908-488-2506,lmillhouse2j@uiuc.edu
893,Orion,Furnell,32084616193,372-665-3600,ofurnell2k@google.de
894,Loleta,Oakley,37017077126,494-511-6493,loakley2l@wikipedia.org
895,Lizabeth,Von Oertzen,83851643369,457-249-8992,lvonoertzen2m@myspace.com
896,Allx,De Wolfe,28206048498,369-214-5310,adewolfe2n@storify.com
897,Shanon,Sinderson,34942022709,240-101-0744,ssinderson2o@wsj.com
898,Malissia,Norres,58119325725,443-986-1663,mnorres2p@usatoday.com
899,Jareb,Scaplehorn,85104106781,767-679-0095,jscaplehorn2q@narod.ru
900,Gary,Kliner,39426648930,946-873-0445,gkliner2r@cnbc.com
901,Cordelia,Cordobes,11118714111,359-486-4914,ccordobes0@tripod.com
902,Karmen,Albertson,28190905079,475-640-5368,kalbertson1@histats.com
903,Loralie,Slocum,44074963486,964-566-8626,lslocum2@columbia.edu
904,Humbert,Jaffrey,88914388437,820-852-0216,hjaffrey3@time.com
905,Shayna,Bawcock,30600083660,200-811-2168,sbawcock4@prnewswire.com
906,Cornelle,Terne,41673095101,909-330-7205,cterne5@livejournal.com
907,Farly,Kleinplatz,30899269445,749-495-1115,fkleinplatz6@icq.com
908,Nealy,Jarritt,87679313666,590-399-8194,njarritt7@ustream.tv
909,Janette,Kerrane,35368046163,416-706-9907,jkerrane8@altervista.org
910,Zsazsa,Sponder,55277296400,712-570-3944,zsponder9@usa.gov
911,Anica,Leving,37587792291,909-922-5982,alevinga@ucoz.com
912,Bridget,Borth,96734884034,383-181-7938,bborthb@yellowpages.com
913,Lucretia,Castilla,75691265965,113-731-4458,lcastillac@webeden.co.uk
914,Leonardo,Cocke,45809886086,893-744-4681,lcocked@tripadvisor.com
915,Horacio,Skate,50656866945,688-334-8940,hskatee@oakley.com
916,Arney,Halladey,20039657332,370-379-2048,ahalladeyf@hibu.com
917,Kelcie,Gooddy,49106611863,367-781-0531,kgooddyg@forbes.com
918,Trina,Biaggi,90152510649,551-389-5889,tbiaggih@thetimes.co.uk
919,Ileana,Panniers,27973693791,501-956-7540,ipanniersi@myspace.com
920,Evin,Trustrie,81588584515,460-408-3756,etrustriej@ed.gov
921,Jasen,Olenchenko,28082169541,137-364-3985,jolenchenkok@soup.io
922,Abel,Sandbatch,41535067502,696-127-1010,asandbatchl@bloglines.com
923,Gui,Bootes,35636475811,881-176-5093,gbootesm@ask.com
924,Bellina,Lindegard,25346825192,812-982-0523,blindegardn@twitter.com
925,Fawnia,Grocock,43025894659,563-930-6074,fgrococko@apache.org
926,Kessiah,Auten,31990612993,131-390-3275,kautenp@comsenz.com
927,Claire,Hellard,39663856830,867-426-0515,chellardq@squarespace.com
928,Hillier,Wackett,72002243345,568-546-9461,hwackettr@yandex.ru
929,Elmore,Luetchford,77040387884,264-910-2821,eluetchfords@icq.com
930,Kippy,O'Sheerin,78195849555,795-833-8218,kosheerint@eventbrite.com
931,Tracee,McGivena,80285749186,869-442-4091,tmcgivenau@amazon.de
932,Hendrick,Ariss,98358393257,203-714-7779,harissv@omniture.com
933,Trina,Hanne,97623057913,472-627-6994,thannew@china.com.cn
934,Marys,MacConnell,46777842388,281-266-5345,mmacconnellx@tinypic.com
935,Zane,Croyden,13707633932,301-388-1251,zcroydeny@linkedin.com
936,Osmond,Jupe,23598059734,832-497-0991,ojupez@prnewswire.com
937,Kendra,Deble,68372272409,252-710-5682,kdeble10@craigslist.org
938,Chicky,Baumert,65607027666,722-402-4693,cbaumert11@fastcompany.com
939,Margot,Stivers,77363080470,312-453-4571,mstivers12@people.com.cn
940,Lotte,Rounce,51618090748,308-753-5040,lrounce13@cnet.com
941,Anabella,Forward,60683971496,567-467-3470,aforward14@networksolutions.com
942,Ludvig,Barbary,19598568682,114-117-5335,lbarbary15@whitehouse.gov
943,Kippie,Rosenstiel,39874260906,974-500-5613,krosenstiel16@omniture.com
944,Allina,Sharpless,70169463163,236-500-6931,asharpless17@engadget.com
945,Arther,Shilliday,11409441048,478-952-6065,ashilliday18@wikia.com
946,Conan,Rickertsen,83108503263,211-138-8452,crickertsen19@go.com
947,Lucila,Glasebrook,36207820507,372-335-6965,lglasebrook1a@utexas.edu
948,Al,Wainscot,85632241252,575-745-7287,awainscot1b@globo.com
949,Lizzy,Ealam,47493913110,320-166-0807,lealam1c@europa.eu
950,Teddy,Stoyell,76138186645,628-455-0068,tstoyell1d@mozilla.com
951,Jerry,Millichip,21843555834,422-990-8470,jmillichip1e@ehow.com
952,Harris,Matzl,66913281637,560-925-9891,hmatzl1f@artisteer.com
953,Dorothy,Huccaby,42726856578,838-949-4970,dhuccaby1g@comcast.net
954,Smith,Mathan,78249859975,480-979-4355,smathan1h@spiegel.de
955,Lethia,Biddle,57165919492,614-777-2884,lbiddle1i@microsoft.com
956,Blane,Brookz,43175231256,354-117-7863,bbrookz1j@yelp.com
957,Gordan,Flook,94908731105,383-913-1671,gflook1k@uol.com.br
958,Freddi,Howroyd,12348230898,910-881-5166,fhowroyd1l@behance.net
959,Basile,Adger,14743440604,988-414-9289,badger1m@photobucket.com
960,Rhett,Pargiter,27888593134,917-572-1881,rpargiter1n@ucoz.com
961,Giacomo,Kubek,33975291150,614-727-4531,gkubek1o@shinystat.com
962,Sutherlan,Colliar,90297347753,904-747-8139,scolliar1p@posterous.com
963,Philbert,Hyrons,87678765877,538-747-1282,phyrons1q@joomla.org
964,Binnie,Juliano,86044312425,972-930-8600,bjuliano1r@tmall.com
965,Demetre,Lennarde,22919305511,628-822-9098,dlennarde1s@ezinearticles.com
966,Melonie,Duley,83719033583,180-739-3007,mduley1t@usgs.gov
967,Theodore,Garry,66792048048,650-352-5556,tgarry1u@comsenz.com
968,Sarene,Cossom,22272562740,475-585-3712,scossom1v@webeden.co.uk
969,Gratiana,Thompsett,43710980371,614-508-7264,gthompsett1w@youtu.be
970,Stuart,Sneller,86258556705,731-200-3718,ssneller1x@simplemachines.org
971,Sherlocke,Thexton,58043037797,670-666-2373,sthexton1y@wordpress.org
972,Wilbur,Purkis,65084073782,613-218-4384,wpurkis1z@comsenz.com
973,Stace,Burney,39842094755,239-394-3145,sburney20@google.com.au
974,Bevvy,Rimour,48105245621,865-977-3000,brimour21@psu.edu
975,Bucky,Shoosmith,39302279997,454-601-5498,bshoosmith22@ycombinator.com
976,Emlen,Boundey,96483612557,383-275-0891,eboundey23@apple.com
977,Mira,Instone,45605276006,988-236-4281,minstone24@bandcamp.com
978,Noemi,Pontefract,49620100316,168-963-9930,npontefract25@msn.com
979,Nevsa,Roxbrough,27349405664,729-426-8952,nroxbrough26@ebay.co.uk
980,Helenelizabeth,Trengrove,96800858635,257-446-7193,htrengrove27@phpbb.com
981,Jerry,Chetwin,39768606768,627-767-0077,jchetwin28@fda.gov
982,Janna,Whitechurch,38549522626,161-952-9591,jwhitechurch29@weibo.com
983,Michaeline,Conboy,81806596066,980-138-7304,mconboy2a@webs.com
984,Gus,Benallack,91742181931,439-976-6706,gbenallack2b@imgur.com
985,Rochette,Ector,87917126834,907-688-9431,rector2c@tinyurl.com
986,Danell,Ovell,84493636112,831-156-1378,dovell2d@telegraph.co.uk
987,Adelina,Ives,82607859221,352-475-5061,aives2e@baidu.com
988,Louisette,Mapplebeck,22387476512,909-318-9333,lmapplebeck2f@cnet.com
989,Aimil,Ferryman,63406586654,788-334-0360,aferryman2g@jalbum.net
990,Issi,Goligher,25049696991,105-238-6845,igoligher2h@google.co.jp
991,Christine,Grushin,31559844169,362-824-9881,cgrushin2i@walmart.com
992,Townie,Longworth,59139456615,940-538-0826,tlongworth2j@sciencedirect.com
993,Jackelyn,Latta,81611177271,723-322-6730,jlatta2k@friendfeed.com
994,Chastity,Klejna,50365509234,660-863-2320,cklejna2l@yellowbook.com
995,Hollis,Etridge,26567507760,630-120-0231,hetridge2m@vinaora.com
996,Darby,Margetson,37478499015,298-777-7137,dmargetson2n@senate.gov
997,Gayel,Parmeter,95945736162,518-584-5403,gparmeter2o@weebly.com
998,Cecilius,Dashkovich,46714727139,801-145-5972,cdashkovich2p@twitter.com
999,Cassaundra,Stennett,79177982979,677-363-4355,cstennett2q@google.fr
1000,Rocky,Senyard,16784314353,640-834-3893,rsenyard2r@house.gov